Batch_sizeN,input_channel,image_size_H,image_size_W,output_channel,kernel_sizeR,kernel_sizeS,strideU,strideV,pad_h,pad_w,algo0,algo1,algo2,algo3,algo4,algo5,algo6,algo7,algoMin
64,1,1,1,1,3,3,1,1,0,0,NOT SUPPORT!,NOT SUPPORT!,NOT SUPPORT!,NOT SUPPORT!,NOT SUPPORT!,NOT SUPPORT!,NOT SUPPORT!,NOT SUPPORT!,NOT SUPPORT!
64,1,2,2,1,3,3,1,1,0,0,NOT SUPPORT!,NOT SUPPORT!,NOT SUPPORT!,NOT SUPPORT!,NOT SUPPORT!,NOT SUPPORT!,NOT SUPPORT!,NOT SUPPORT!,NOT SUPPORT!
64,1,4,4,1,3,3,1,1,0,0,0.014564,0.010354,0.009102,NOT SUPPORT!,0.027534,0.037888,0.024804,0.021390,2
64,1,7,7,1,3,3,1,1,0,0,0.010354,0.010923,0.010468,NOT SUPPORT!,0.027193,0.038002,0.024121,0.021732,0
64,1,8,8,1,3,3,1,1,0,0,0.011264,0.011264,0.010012,NOT SUPPORT!,0.027989,0.037774,0.024690,0.021618,2
64,1,15,15,1,3,3,1,1,0,0,0.013084,0.013198,0.010468,NOT SUPPORT!,0.029127,0.038912,0.029013,0.023893,2
64,1,16,16,1,3,3,1,1,0,0,0.012629,0.013084,0.010126,NOT SUPPORT!,0.029013,0.038457,0.029127,0.023666,2
64,1,24,24,1,3,3,1,1,0,0,0.015019,0.015132,0.009899,NOT SUPPORT!,0.036750,0.038912,0.034816,0.025259,2
64,1,32,32,1,3,3,1,1,0,0,0.017977,0.018091,0.010126,NOT SUPPORT!,0.036978,0.038571,0.038912,0.028217,2
64,1,48,48,1,3,3,1,1,0,0,0.012402,0.013540,0.011378,NOT SUPPORT!,0.045625,0.083172,0.060075,0.034588,2
64,1,64,64,1,3,3,1,1,0,0,0.015815,0.015474,0.012060,NOT SUPPORT!,0.046535,0.161451,0.089088,0.043691,2
64,1,96,96,1,3,3,1,1,0,0,0.022528,0.022642,0.016156,NOT SUPPORT!,0.097963,0.271360,0.173625,0.073728,2
64,1,97,97,1,3,3,1,1,0,0,0.022869,0.022983,0.015929,NOT SUPPORT!,0.098304,0.269653,0.173170,0.074183,2
64,1,128,128,1,3,3,1,1,0,0,0.033564,0.033678,0.021163,NOT SUPPORT!,0.099783,0.412331,0.290702,0.114802,2
64,1,256,256,1,3,3,1,1,0,0,0.184548,0.184320,0.060530,NOT SUPPORT!,0.251449,1.332224,1.332793,0.568889,2
64,1,384,384,1,3,3,1,1,0,0,0.479346,0.479346,0.151552,NOT SUPPORT!,NOT SUPPORT!,3.263260,2.971420,1.270101,2
64,1,512,512,1,3,3,1,1,0,0,0.744448,0.743424,0.218908,NOT SUPPORT!,NOT SUPPORT!,4.670578,4.350863,1.943893,2
64,1,640,640,1,3,3,1,1,0,0,1.204565,1.204110,0.335076,NOT SUPPORT!,NOT SUPPORT!,7.758165,6.727453,3.046741,2
64,1,768,768,1,3,3,1,1,0,0,1.713266,1.714290,0.479118,NOT SUPPORT!,NOT SUPPORT!,10.776917,9.678620,4.372139,2
64,1,896,896,1,3,3,1,1,0,0,2.399801,2.399801,0.648988,NOT SUPPORT!,NOT SUPPORT!,14.268415,13.163293,5.950805,2
64,1,1024,1024,1,3,3,1,1,0,0,3.210468,3.211719,0.845369,NOT SUPPORT!,NOT SUPPORT!,18.961636,17.190002,7.762375,2
64,1,2048,2048,1,3,3,1,1,0,0,4.091335,4.090766,4.089856,NOT SUPPORT!,NOT SUPPORT!,73.562454,68.817467,31.045519,2
64,1,3072,3072,1,3,3,1,1,0,0,8.069576,8.061155,8.034305,NOT SUPPORT!,NOT SUPPORT!,162.160080,154.873169,70.030449,2
64,2,1,1,2,3,3,1,1,0,0,NOT SUPPORT!,NOT SUPPORT!,NOT SUPPORT!,NOT SUPPORT!,NOT SUPPORT!,NOT SUPPORT!,NOT SUPPORT!,NOT SUPPORT!,NOT SUPPORT!
64,2,2,2,2,3,3,1,1,0,0,NOT SUPPORT!,NOT SUPPORT!,NOT SUPPORT!,NOT SUPPORT!,NOT SUPPORT!,NOT SUPPORT!,NOT SUPPORT!,NOT SUPPORT!,NOT SUPPORT!
64,2,4,4,2,3,3,1,1,0,0,0.010012,0.010354,0.009899,NOT SUPPORT!,0.031972,0.051883,0.070656,0.021845,2
64,2,7,7,2,3,3,1,1,0,0,0.011150,0.011264,0.010923,NOT SUPPORT!,0.033109,0.052110,0.024462,0.021845,2
64,2,8,8,2,3,3,1,1,0,0,0.010923,0.011947,0.011036,NOT SUPPORT!,0.032199,0.051883,0.024007,0.022073,0
64,2,15,15,2,3,3,1,1,0,0,0.010923,0.011378,0.011036,NOT SUPPORT!,0.034133,0.052338,0.029241,0.023780,0
64,2,16,16,2,3,3,1,1,0,0,0.011264,0.011492,0.011036,NOT SUPPORT!,0.034475,0.052907,0.029013,0.023666,2
64,2,24,24,2,3,3,1,1,0,0,0.011150,0.011605,0.011036,NOT SUPPORT!,0.044487,0.053476,0.035385,0.025372,2
64,2,32,32,2,3,3,1,1,0,0,0.013312,0.013426,0.013198,NOT SUPPORT!,0.044032,0.053020,0.039140,0.026965,2
64,2,48,48,2,3,3,1,1,0,0,0.015701,0.015929,0.015474,NOT SUPPORT!,0.071339,0.118215,0.060075,0.031630,2
64,2,64,64,2,3,3,1,1,0,0,0.020139,0.020821,0.020252,NOT SUPPORT!,0.073045,0.247239,0.089429,0.041870,0
64,2,96,96,2,3,3,1,1,0,0,0.033906,0.034247,0.034133,NOT SUPPORT!,0.214471,0.410852,0.173625,0.066219,0
64,2,97,97,2,3,3,1,1,0,0,0.034133,0.034702,0.034020,NOT SUPPORT!,0.213902,0.414492,0.174649,0.066674,2
64,2,128,128,2,3,3,1,1,0,0,0.052452,0.052452,0.052110,NOT SUPPORT!,0.217998,0.644210,0.291157,0.115940,2
64,2,256,256,2,3,3,1,1,0,0,0.222663,0.223460,0.222322,NOT SUPPORT!,0.783474,2.037305,1.099776,0.427918,2
64,2,384,384,2,3,3,1,1,0,0,0.493568,0.493796,0.493113,NOT SUPPORT!,NOT SUPPORT!,4.263481,2.447474,0.941625,2
64,2,512,512,2,3,3,1,1,0,0,0.881778,0.881664,0.881436,NOT SUPPORT!,NOT SUPPORT!,7.280299,4.341646,1.650802,2
64,2,640,640,2,3,3,1,1,0,0,1.391047,1.391275,1.391047,NOT SUPPORT!,NOT SUPPORT!,12.176156,6.787755,2.583211,0
64,2,768,768,2,3,3,1,1,0,0,1.989859,1.990997,1.989746,NOT SUPPORT!,NOT SUPPORT!,16.966883,9.774876,3.747840,2
64,2,896,896,2,3,3,1,1,0,0,3.284309,3.284765,3.283854,NOT SUPPORT!,NOT SUPPORT!,24.458471,13.308814,5.081202,2
64,2,1024,1024,2,3,3,1,1,0,0,4.345287,4.346766,3.695047,NOT SUPPORT!,NOT SUPPORT!,30.650370,17.377962,6.699463,2
64,2,2048,2048,2,3,3,1,1,0,0,17.810316,16.948112,16.879616,NOT SUPPORT!,NOT SUPPORT!,119.012924,69.440742,26.846094,2
64,2,3072,3072,2,3,3,1,1,0,0,38.201004,38.227402,38.224552,NOT SUPPORT!,NOT SUPPORT!,265.080627,156.314163,NOT SUPPORT!,0
64,4,1,1,4,3,3,1,1,0,0,NOT SUPPORT!,NOT SUPPORT!,NOT SUPPORT!,NOT SUPPORT!,NOT SUPPORT!,NOT SUPPORT!,NOT SUPPORT!,NOT SUPPORT!,NOT SUPPORT!
64,4,2,2,4,3,3,1,1,0,0,NOT SUPPORT!,NOT SUPPORT!,NOT SUPPORT!,NOT SUPPORT!,NOT SUPPORT!,NOT SUPPORT!,NOT SUPPORT!,NOT SUPPORT!,NOT SUPPORT!
64,4,4,4,4,3,3,1,1,0,0,0.012174,0.012402,0.012060,NOT SUPPORT!,0.033109,0.052793,0.023780,0.022983,2
64,4,7,7,4,3,3,1,1,0,0,0.012629,0.013198,0.012516,NOT SUPPORT!,0.032540,0.052565,0.024348,0.022983,2
64,4,8,8,4,3,3,1,1,0,0,0.012516,0.012629,0.012174,NOT SUPPORT!,0.032540,0.052679,0.023780,0.023097,2
64,4,15,15,4,3,3,1,1,0,0,0.012288,0.012629,0.012174,NOT SUPPORT!,0.032996,0.052907,0.028900,0.024235,2
64,4,16,16,4,3,3,1,1,0,0,0.012402,0.014450,0.012402,NOT SUPPORT!,0.032996,0.053248,0.029013,0.024576,0
64,4,24,24,4,3,3,1,1,0,0,0.015474,0.025941,0.015360,NOT SUPPORT!,0.044715,0.053703,0.034816,0.026624,2
64,4,32,32,4,3,3,1,1,0,0,0.019797,0.030151,0.019570,NOT SUPPORT!,0.045397,0.054272,0.038684,0.030720,2
64,4,48,48,4,3,3,1,1,0,0,0.027420,0.027762,0.027420,NOT SUPPORT!,0.058709,0.117874,0.060757,0.043008,0
64,4,64,64,4,3,3,1,1,0,0,0.041870,0.042098,0.041756,NOT SUPPORT!,0.060188,0.251108,0.089657,0.060757,2
64,4,96,96,4,3,3,1,1,0,0,0.083513,0.083627,0.083399,NOT SUPPORT!,0.159630,0.421205,0.174080,0.130617,2
64,4,97,97,4,3,3,1,1,0,0,0.084764,0.084878,0.084423,NOT SUPPORT!,0.161109,0.419271,0.174421,0.132665,2
64,4,128,128,4,3,3,1,1,0,0,0.175787,0.176356,0.175787,NOT SUPPORT!,0.169301,0.657408,0.292978,0.221184,4
64,4,256,256,4,3,3,1,1,0,0,0.636132,0.637042,0.636132,NOT SUPPORT!,0.572985,2.089984,1.116274,0.826937,4
64,4,384,384,4,3,3,1,1,0,0,1.736021,1.737045,1.736590,NOT SUPPORT!,NOT SUPPORT!,5.270073,3.034453,2.070983,0
64,4,512,512,4,3,3,1,1,0,0,2.576384,2.576612,2.576725,NOT SUPPORT!,NOT SUPPORT!,7.449714,4.433351,3.291022,0
64,4,640,640,4,3,3,1,1,0,0,4.863204,4.251875,4.040704,NOT SUPPORT!,NOT SUPPORT!,12.527161,6.912569,5.144463,2
64,4,768,768,4,3,3,1,1,0,0,7.051605,7.038748,6.216590,NOT SUPPORT!,NOT SUPPORT!,17.429731,9.943381,7.437312,2
64,4,896,896,4,3,3,1,1,0,0,9.744953,9.327957,8.103139,NOT SUPPORT!,NOT SUPPORT!,23.267897,13.507697,10.148295,2
64,4,1024,1024,4,3,3,1,1,0,0,12.802616,11.302570,11.281180,NOT SUPPORT!,NOT SUPPORT!,31.518606,17.660700,13.269335,2
64,4,2048,2048,4,3,3,1,1,0,0,58.181973,58.210190,58.211441,NOT SUPPORT!,NOT SUPPORT!,122.298599,70.568047,NOT SUPPORT!,0
64,4,3072,3072,4,3,3,1,1,0,0,NOT SUPPORT!,NOT SUPPORT!,NOT SUPPORT!,NOT SUPPORT!,NOT SUPPORT!,NOT SUPPORT!,NOT SUPPORT!,NOT SUPPORT!,NOT SUPPORT!
64,8,1,1,8,3,3,1,1,0,0,NOT SUPPORT!,NOT SUPPORT!,NOT SUPPORT!,NOT SUPPORT!,NOT SUPPORT!,NOT SUPPORT!,NOT SUPPORT!,NOT SUPPORT!,NOT SUPPORT!
64,8,2,2,8,3,3,1,1,0,0,NOT SUPPORT!,NOT SUPPORT!,NOT SUPPORT!,NOT SUPPORT!,NOT SUPPORT!,NOT SUPPORT!,NOT SUPPORT!,NOT SUPPORT!,NOT SUPPORT!
64,8,4,4,8,3,3,1,1,0,0,0.022869,0.041074,0.022528,NOT SUPPORT!,0.033906,0.053134,0.024121,0.023780,2
64,8,7,7,8,3,3,1,1,0,0,0.022983,0.040960,0.022756,NOT SUPPORT!,0.032540,0.052110,0.023780,0.024235,2
64,8,8,8,8,3,3,1,1,0,0,0.022869,0.041301,0.022642,NOT SUPPORT!,0.032427,0.052679,0.024235,0.024007,2
64,8,15,15,8,3,3,1,1,0,0,0.019001,0.029355,0.023780,NOT SUPPORT!,0.033678,0.053134,0.027989,0.026965,0
64,8,16,16,8,3,3,1,1,0,0,0.019456,0.028786,0.023780,NOT SUPPORT!,0.034361,0.053020,0.027876,0.027420,0
64,8,24,24,8,3,3,1,1,0,0,0.026852,0.026852,0.041984,NOT SUPPORT!,0.043918,0.053817,0.035044,0.035044,1
64,8,32,32,8,3,3,1,1,0,0,0.037660,0.035499,0.058368,NOT SUPPORT!,0.044260,0.054044,0.039253,0.041415,1
64,8,48,48,8,3,3,1,1,0,0,0.069746,0.060302,0.103538,NOT SUPPORT!,0.089771,0.116964,0.060985,0.065308,1
64,8,64,64,8,3,3,1,1,0,0,0.115484,0.095460,0.166002,NOT SUPPORT!,0.095118,0.252928,0.090908,0.110706,6
64,8,96,96,8,3,3,1,1,0,0,0.247694,0.201387,0.348046,NOT SUPPORT!,0.333028,0.430080,0.268743,0.230628,1
64,8,97,97,8,3,3,1,1,0,0,0.253042,0.205710,0.354076,NOT SUPPORT!,0.332914,0.430308,0.276139,0.233927,1
64,8,128,128,8,3,3,1,1,0,0,0.432924,0.346567,0.600860,NOT SUPPORT!,0.348615,0.674930,0.465579,0.383545,1
64,8,256,256,8,3,3,1,1,0,0,2.088391,1.641927,2.654663,NOT SUPPORT!,1.304917,2.587989,1.965284,1.442475,4
64,8,384,384,8,3,3,1,1,0,0,3.852857,3.038436,5.325369,NOT SUPPORT!,NOT SUPPORT!,4.568861,4.642588,3.305699,1
64,8,512,512,8,3,3,1,1,0,0,8.160370,5.405127,9.358335,NOT SUPPORT!,NOT SUPPORT!,7.762604,8.318863,5.882766,1
64,8,640,640,8,3,3,1,1,0,0,12.542635,8.453690,14.741163,NOT SUPPORT!,NOT SUPPORT!,12.996949,13.412465,9.237959,1
64,8,768,768,8,3,3,1,1,0,0,17.217535,12.144070,21.453255,NOT SUPPORT!,NOT SUPPORT!,18.056307,18.874708,13.286174,1
64,8,896,896,8,3,3,1,1,0,0,21.211931,16.550571,29.437155,NOT SUPPORT!,NOT SUPPORT!,24.194960,25.816973,18.234030,1
64,8,1024,1024,8,3,3,1,1,0,0,28.252617,21.669092,38.247765,NOT SUPPORT!,NOT SUPPORT!,32.488564,33.395035,23.634491,1
64,8,2048,2048,8,3,3,1,1,0,0,NOT SUPPORT!,NOT SUPPORT!,NOT SUPPORT!,NOT SUPPORT!,NOT SUPPORT!,NOT SUPPORT!,NOT SUPPORT!,NOT SUPPORT!,NOT SUPPORT!
64,8,3072,3072,8,3,3,1,1,0,0,NOT SUPPORT!,NOT SUPPORT!,NOT SUPPORT!,NOT SUPPORT!,NOT SUPPORT!,NOT SUPPORT!,NOT SUPPORT!,NOT SUPPORT!,NOT SUPPORT!
64,16,1,1,16,3,3,1,1,0,0,NOT SUPPORT!,NOT SUPPORT!,NOT SUPPORT!,NOT SUPPORT!,NOT SUPPORT!,NOT SUPPORT!,NOT SUPPORT!,NOT SUPPORT!,NOT SUPPORT!
64,16,2,2,16,3,3,1,1,0,0,NOT SUPPORT!,NOT SUPPORT!,NOT SUPPORT!,NOT SUPPORT!,NOT SUPPORT!,NOT SUPPORT!,NOT SUPPORT!,NOT SUPPORT!,NOT SUPPORT!
64,16,4,4,16,3,3,1,1,0,0,0.019911,0.038571,0.035271,NOT SUPPORT!,0.032996,0.059164,0.026396,0.024007,0
64,16,7,7,16,3,3,1,1,0,0,0.019001,0.039026,0.035840,NOT SUPPORT!,0.032996,0.060757,0.025941,0.024462,0
64,16,8,8,16,3,3,1,1,0,0,0.019684,0.037774,0.035499,NOT SUPPORT!,0.033337,0.059733,0.025941,0.024576,0
64,16,15,15,16,3,3,1,1,0,0,0.024121,0.024121,0.052338,NOT SUPPORT!,0.034247,0.061554,0.033564,0.032085,0
64,16,16,16,16,3,3,1,1,0,0,0.024121,0.025372,0.056320,NOT SUPPORT!,0.040732,0.059506,0.033109,0.031858,0
64,16,24,24,16,3,3,1,1,0,0,0.039822,0.038343,0.066788,NOT SUPPORT!,0.051314,0.061440,0.041074,0.045966,1
64,16,32,32,16,3,3,1,1,0,0,0.061781,0.061895,0.119012,NOT SUPPORT!,0.051200,0.062009,0.045739,0.061099,6
64,16,48,48,16,3,3,1,1,0,0,0.121287,0.103879,0.194332,NOT SUPPORT!,0.188188,0.155989,0.094549,0.126862,6
64,16,64,64,16,3,3,1,1,0,0,0.207417,0.175900,0.320512,NOT SUPPORT!,0.197746,0.344178,0.153259,0.214812,6
64,16,96,96,16,3,3,1,1,0,0,0.456135,0.377287,0.676978,NOT SUPPORT!,0.679822,0.588117,0.241664,0.452722,6
64,16,97,97,16,3,3,1,1,0,0,0.567296,0.465465,0.786204,NOT SUPPORT!,0.759012,0.704967,0.292864,0.512569,6
64,16,128,128,16,3,3,1,1,0,0,0.982699,0.796558,1.350542,NOT SUPPORT!,0.785181,1.112292,0.496185,0.879275,6
64,16,256,256,16,3,3,1,1,0,0,3.932273,3.159040,5.300679,NOT SUPPORT!,2.818389,3.197269,1.633963,3.029220,6
64,16,384,384,16,3,3,1,1,0,0,8.866930,7.132387,11.960434,NOT SUPPORT!,NOT SUPPORT!,6.721650,3.783111,7.444481,6
64,16,512,512,16,3,3,1,1,0,0,12.942449,10.468123,19.047878,NOT SUPPORT!,NOT SUPPORT!,11.409408,6.480100,13.012424,6
64,16,640,640,16,3,3,1,1,0,0,20.882772,16.395947,30.453987,NOT SUPPORT!,NOT SUPPORT!,19.127296,10.517960,21.122959,6
64,16,768,768,16,3,3,1,1,0,0,29.689968,23.602972,43.605331,NOT SUPPORT!,NOT SUPPORT!,26.364359,14.677105,29.299826,6
64,16,896,896,16,3,3,1,1,0,0,39.676132,32.177494,59.527969,NOT SUPPORT!,NOT SUPPORT!,35.334148,20.083029,41.517628,6
64,16,1024,1024,16,3,3,1,1,0,0,51.857983,41.903332,NOT SUPPORT!,NOT SUPPORT!,NOT SUPPORT!,46.749580,25.409081,NOT SUPPORT!,6
64,16,2048,2048,16,3,3,1,1,0,0,NOT SUPPORT!,NOT SUPPORT!,NOT SUPPORT!,NOT SUPPORT!,NOT SUPPORT!,NOT SUPPORT!,NOT SUPPORT!,NOT SUPPORT!,NOT SUPPORT!
64,16,3072,3072,16,3,3,1,1,0,0,NOT SUPPORT!,NOT SUPPORT!,NOT SUPPORT!,NOT SUPPORT!,NOT SUPPORT!,NOT SUPPORT!,NOT SUPPORT!,NOT SUPPORT!,NOT SUPPORT!
64,32,1,1,32,3,3,1,1,0,0,NOT SUPPORT!,NOT SUPPORT!,NOT SUPPORT!,NOT SUPPORT!,NOT SUPPORT!,NOT SUPPORT!,NOT SUPPORT!,NOT SUPPORT!,NOT SUPPORT!
64,32,2,2,32,3,3,1,1,0,0,NOT SUPPORT!,NOT SUPPORT!,NOT SUPPORT!,NOT SUPPORT!,NOT SUPPORT!,NOT SUPPORT!,NOT SUPPORT!,NOT SUPPORT!,NOT SUPPORT!
64,32,4,4,32,3,3,1,1,0,0,0.027762,0.045852,0.066901,NOT SUPPORT!,0.041188,0.085333,0.030151,0.034247,0
64,32,7,7,32,3,3,1,1,0,0,0.026852,0.045852,0.077483,NOT SUPPORT!,0.040960,0.085561,0.030492,0.034588,0
64,32,8,8,32,3,3,1,1,0,0,0.027534,0.045852,0.074638,NOT SUPPORT!,0.041415,0.084764,0.031061,0.034702,0
64,32,15,15,32,3,3,1,1,0,0,0.037319,0.037774,0.082944,NOT SUPPORT!,0.043008,0.087495,0.038343,0.051883,0
64,32,16,16,32,3,3,1,1,0,0,0.038002,0.037660,0.090453,NOT SUPPORT!,0.049493,0.085675,0.037888,0.052110,1
64,32,24,24,32,3,3,1,1,0,0,0.067812,0.153714,0.147456,NOT SUPPORT!,0.079417,0.089771,0.054044,0.083968,6
64,32,32,32,32,3,3,1,1,0,0,0.110137,0.100693,0.204800,NOT SUPPORT!,0.079189,0.093070,0.071452,0.139378,6
64,32,48,48,32,3,3,1,1,0,0,0.229604,0.205710,0.410510,NOT SUPPORT!,0.374329,0.234496,0.145522,0.283648,6
64,32,64,64,32,3,3,1,1,0,0,0.483328,0.425643,0.726244,NOT SUPPORT!,0.449536,0.619406,0.284103,0.561380,6
64,32,96,96,32,3,3,1,1,0,0,1.076793,0.995669,1.554659,NOT SUPPORT!,1.832505,1.101824,0.485717,1.233123,6
64,32,97,97,32,3,3,1,1,0,0,0.903737,0.790187,1.392412,NOT SUPPORT!,1.665820,0.969728,0.443164,1.075996,6
64,32,128,128,32,3,3,1,1,0,0,1.571840,1.367381,2.411975,NOT SUPPORT!,1.708260,1.537479,0.740579,1.895993,6
64,32,256,256,32,3,3,1,1,0,0,7.701618,6.715847,10.358556,NOT SUPPORT!,6.698098,5.274169,3.195221,7.488626,6
64,32,384,384,32,3,3,1,1,0,0,15.409607,12.492344,22.775579,NOT SUPPORT!,NOT SUPPORT!,11.424540,7.428779,16.866190,6
64,32,512,512,32,3,3,1,1,0,0,25.944176,22.408989,40.202469,NOT SUPPORT!,NOT SUPPORT!,19.482510,12.987734,30.029367,6
64,32,640,640,32,3,3,1,1,0,0,39.614578,34.987804,64.164642,NOT SUPPORT!,NOT SUPPORT!,32.819656,21.354723,46.587788,6
64,32,768,768,32,3,3,1,1,0,0,57.131348,50.336880,NOT SUPPORT!,NOT SUPPORT!,NOT SUPPORT!,43.989674,28.345003,NOT SUPPORT!,6
64,32,896,896,32,3,3,1,1,0,0,77.832535,68.539619,NOT SUPPORT!,NOT SUPPORT!,NOT SUPPORT!,59.400642,39.344017,NOT SUPPORT!,6
64,32,1024,1024,32,3,3,1,1,0,0,NOT SUPPORT!,NOT SUPPORT!,NOT SUPPORT!,NOT SUPPORT!,NOT SUPPORT!,NOT SUPPORT!,NOT SUPPORT!,NOT SUPPORT!,NOT SUPPORT!
64,32,2048,2048,32,3,3,1,1,0,0,NOT SUPPORT!,NOT SUPPORT!,NOT SUPPORT!,NOT SUPPORT!,NOT SUPPORT!,NOT SUPPORT!,NOT SUPPORT!,NOT SUPPORT!,NOT SUPPORT!
64,32,3072,3072,32,3,3,1,1,0,0,NOT SUPPORT!,NOT SUPPORT!,NOT SUPPORT!,NOT SUPPORT!,NOT SUPPORT!,NOT SUPPORT!,NOT SUPPORT!,NOT SUPPORT!,NOT SUPPORT!
64,48,1,1,48,3,3,1,1,0,0,NOT SUPPORT!,NOT SUPPORT!,NOT SUPPORT!,NOT SUPPORT!,NOT SUPPORT!,NOT SUPPORT!,NOT SUPPORT!,NOT SUPPORT!,NOT SUPPORT!
64,48,2,2,48,3,3,1,1,0,0,NOT SUPPORT!,NOT SUPPORT!,NOT SUPPORT!,NOT SUPPORT!,NOT SUPPORT!,NOT SUPPORT!,NOT SUPPORT!,NOT SUPPORT!,NOT SUPPORT!
64,48,4,4,48,3,3,1,1,0,0,0.033792,0.052679,0.072704,NOT SUPPORT!,0.055182,0.111047,0.033564,0.036864,6
64,48,7,7,48,3,3,1,1,0,0,0.033792,0.052565,0.081692,NOT SUPPORT!,0.056434,0.112754,0.032654,0.037660,6
64,48,8,8,48,3,3,1,1,0,0,0.046990,0.065308,0.087723,NOT SUPPORT!,0.055410,0.112526,0.033223,0.037205,6
64,48,15,15,48,3,3,1,1,0,0,0.079189,0.079303,0.135054,NOT SUPPORT!,0.059392,0.114574,0.056889,0.061440,6
64,48,16,16,48,3,3,1,1,0,0,0.080441,0.080327,0.154965,NOT SUPPORT!,0.060757,0.112754,0.055751,0.061440,6
64,48,24,24,48,3,3,1,1,0,0,0.172032,0.258617,0.231652,NOT SUPPORT!,0.129365,0.113550,0.112754,0.114688,6
64,48,32,32,48,3,3,1,1,0,0,0.281372,0.358969,0.353508,NOT SUPPORT!,0.130617,0.117874,0.136533,0.184206,5
64,48,48,48,48,3,3,1,1,0,0,0.640455,0.718620,0.788366,NOT SUPPORT!,0.532025,0.320512,0.278642,0.391282,6
64,48,64,64,48,3,3,1,1,0,0,1.135616,0.984974,1.338937,NOT SUPPORT!,0.630670,0.740693,0.563314,0.674247,6
64,48,96,96,48,3,3,1,1,0,0,3.123655,2.753763,3.456000,NOT SUPPORT!,3.330503,1.525874,1.254173,1.720206,6
64,48,97,97,48,3,3,1,1,0,0,2.622919,2.262585,3.041394,NOT SUPPORT!,2.895758,1.401742,1.038336,1.502322,6
64,48,128,128,48,3,3,1,1,0,0,4.590137,3.946382,5.302955,NOT SUPPORT!,2.967438,2.197732,1.830457,2.630315,6
64,48,256,256,48,3,3,1,1,0,0,19.471590,15.967233,21.920311,NOT SUPPORT!,12.118585,7.674311,7.153208,10.615353,6
64,48,384,384,48,3,3,1,1,0,0,42.545380,36.035130,50.684586,NOT SUPPORT!,NOT SUPPORT!,16.528158,16.173058,23.834850,6
64,48,512,512,48,3,3,1,1,0,0,74.784874,62.229050,90.237152,NOT SUPPORT!,NOT SUPPORT!,28.631836,28.925608,42.106197,5
64,48,640,640,48,3,3,1,1,0,0,117.117500,97.455559,NOT SUPPORT!,NOT SUPPORT!,NOT SUPPORT!,46.900223,44.846764,NOT SUPPORT!,6
64,48,768,768,48,3,3,1,1,0,0,168.724716,140.266617,NOT SUPPORT!,NOT SUPPORT!,NOT SUPPORT!,64.628288,64.670952,NOT SUPPORT!,5
64,48,896,896,48,3,3,1,1,0,0,NOT SUPPORT!,NOT SUPPORT!,NOT SUPPORT!,NOT SUPPORT!,NOT SUPPORT!,NOT SUPPORT!,NOT SUPPORT!,NOT SUPPORT!,NOT SUPPORT!
64,48,1024,1024,48,3,3,1,1,0,0,NOT SUPPORT!,NOT SUPPORT!,NOT SUPPORT!,NOT SUPPORT!,NOT SUPPORT!,NOT SUPPORT!,NOT SUPPORT!,NOT SUPPORT!,NOT SUPPORT!
64,48,2048,2048,48,3,3,1,1,0,0,NOT SUPPORT!,NOT SUPPORT!,NOT SUPPORT!,NOT SUPPORT!,NOT SUPPORT!,NOT SUPPORT!,NOT SUPPORT!,NOT SUPPORT!,NOT SUPPORT!
64,48,3072,3072,48,3,3,1,1,0,0,NOT SUPPORT!,NOT SUPPORT!,NOT SUPPORT!,NOT SUPPORT!,NOT SUPPORT!,NOT SUPPORT!,NOT SUPPORT!,NOT SUPPORT!,NOT SUPPORT!
64,64,1,1,64,3,3,1,1,0,0,NOT SUPPORT!,NOT SUPPORT!,NOT SUPPORT!,NOT SUPPORT!,NOT SUPPORT!,NOT SUPPORT!,NOT SUPPORT!,NOT SUPPORT!,NOT SUPPORT!
64,64,2,2,64,3,3,1,1,0,0,NOT SUPPORT!,NOT SUPPORT!,NOT SUPPORT!,NOT SUPPORT!,NOT SUPPORT!,NOT SUPPORT!,NOT SUPPORT!,NOT SUPPORT!,NOT SUPPORT!
64,64,4,4,64,3,3,1,1,0,0,0.041188,0.058140,0.078279,NOT SUPPORT!,0.065081,0.137102,0.036978,0.040960,6
64,64,7,7,64,3,3,1,1,0,0,0.041301,0.058823,0.088860,NOT SUPPORT!,0.064853,0.137785,0.037319,0.042098,6
64,64,8,8,64,3,3,1,1,0,0,0.058596,0.076004,0.097508,NOT SUPPORT!,0.065081,0.138581,0.037205,0.042098,6
64,64,15,15,64,3,3,1,1,0,0,0.102059,0.185116,0.171804,NOT SUPPORT!,0.069860,0.144612,0.071680,0.074183,4
64,64,16,16,64,3,3,1,1,0,0,0.103652,0.187051,0.181817,NOT SUPPORT!,0.073273,0.240868,0.072021,0.074866,6
64,64,24,24,64,3,3,1,1,0,0,0.225963,0.312320,0.294684,NOT SUPPORT!,0.160996,0.147001,0.139150,0.140971,6
64,64,32,32,64,3,3,1,1,0,0,0.372622,0.348615,0.479118,NOT SUPPORT!,0.165660,0.151780,0.170780,0.232334,5
64,64,48,48,64,3,3,1,1,0,0,0.850261,0.840818,1.058475,NOT SUPPORT!,0.729429,0.411534,0.357945,0.497550,6
64,64,64,64,64,3,3,1,1,0,0,1.840469,1.631687,2.128100,NOT SUPPORT!,1.134933,1.098183,0.728519,1.010574,6
64,64,96,96,64,3,3,1,1,0,0,3.414472,3.044693,4.100551,NOT SUPPORT!,4.232306,1.795186,1.343374,1.953906,6
64,64,97,97,64,3,3,1,1,0,0,3.488996,3.071545,4.182926,NOT SUPPORT!,4.469759,1.849572,1.334955,1.957433,6
64,64,128,128,64,3,3,1,1,0,0,6.109184,5.352448,7.437085,NOT SUPPORT!,4.580580,2.889956,2.339385,3.436771,6
64,64,256,256,64,3,3,1,1,0,0,25.702511,21.568512,30.479588,NOT SUPPORT!,17.150408,10.212920,9.297692,13.774507,6
64,64,384,384,64,3,3,1,1,0,0,56.148426,48.866417,70.313194,NOT SUPPORT!,NOT SUPPORT!,22.416950,21.222969,30.875990,6
64,64,512,512,64,3,3,1,1,0,0,99.497757,88.243652,NOT SUPPORT!,NOT SUPPORT!,NOT SUPPORT!,37.459286,37.686386,NOT SUPPORT!,5
64,64,640,640,64,3,3,1,1,0,0,155.700119,138.005386,NOT SUPPORT!,NOT SUPPORT!,NOT SUPPORT!,62.643658,59.024387,NOT SUPPORT!,6
64,64,768,768,64,3,3,1,1,0,0,NOT SUPPORT!,NOT SUPPORT!,NOT SUPPORT!,NOT SUPPORT!,NOT SUPPORT!,NOT SUPPORT!,NOT SUPPORT!,NOT SUPPORT!,NOT SUPPORT!
64,64,896,896,64,3,3,1,1,0,0,NOT SUPPORT!,NOT SUPPORT!,NOT SUPPORT!,NOT SUPPORT!,NOT SUPPORT!,NOT SUPPORT!,NOT SUPPORT!,NOT SUPPORT!,NOT SUPPORT!
64,64,1024,1024,64,3,3,1,1,0,0,NOT SUPPORT!,NOT SUPPORT!,NOT SUPPORT!,NOT SUPPORT!,NOT SUPPORT!,NOT SUPPORT!,NOT SUPPORT!,NOT SUPPORT!,NOT SUPPORT!
64,64,2048,2048,64,3,3,1,1,0,0,NOT SUPPORT!,NOT SUPPORT!,NOT SUPPORT!,NOT SUPPORT!,NOT SUPPORT!,NOT SUPPORT!,NOT SUPPORT!,NOT SUPPORT!,NOT SUPPORT!
64,64,3072,3072,64,3,3,1,1,0,0,NOT SUPPORT!,NOT SUPPORT!,NOT SUPPORT!,NOT SUPPORT!,NOT SUPPORT!,NOT SUPPORT!,NOT SUPPORT!,NOT SUPPORT!,NOT SUPPORT!
64,96,1,1,96,3,3,1,1,0,0,NOT SUPPORT!,NOT SUPPORT!,NOT SUPPORT!,NOT SUPPORT!,NOT SUPPORT!,NOT SUPPORT!,NOT SUPPORT!,NOT SUPPORT!,NOT SUPPORT!
64,96,2,2,96,3,3,1,1,0,0,NOT SUPPORT!,NOT SUPPORT!,NOT SUPPORT!,NOT SUPPORT!,NOT SUPPORT!,NOT SUPPORT!,NOT SUPPORT!,NOT SUPPORT!,NOT SUPPORT!
64,96,4,4,96,3,3,1,1,0,0,0.055524,0.142336,0.092615,NOT SUPPORT!,0.109340,0.266923,0.064171,0.048811,7
64,96,7,7,96,3,3,1,1,0,0,0.158720,0.218795,0.157582,NOT SUPPORT!,0.110023,0.268516,0.064512,0.050062,7
64,96,8,8,96,3,3,1,1,0,0,0.158948,0.221867,0.155876,NOT SUPPORT!,0.110933,0.269881,0.064853,0.049380,7
64,96,15,15,96,3,3,1,1,0,0,0.251221,0.295253,0.284900,NOT SUPPORT!,0.119125,0.279780,0.107292,0.103993,7
64,96,16,16,96,3,3,1,1,0,0,0.253838,0.301056,0.293774,NOT SUPPORT!,0.122994,0.273067,0.107292,0.103538,7
64,96,24,24,96,3,3,1,1,0,0,0.554667,0.570482,0.580380,NOT SUPPORT!,0.324380,0.282283,0.257365,0.208213,7
64,96,32,32,96,3,3,1,1,0,0,0.986908,0.954709,1.071218,NOT SUPPORT!,0.388324,0.333938,0.406642,0.377173,5
64,96,48,48,96,3,3,1,1,0,0,2.521543,2.283975,2.652729,NOT SUPPORT!,1.743189,1.062684,0.868921,0.727495,7
64,96,64,64,96,3,3,1,1,0,0,3.810873,3.406279,3.973347,NOT SUPPORT!,1.566606,2.063588,1.254514,1.264412,6
64,96,96,96,96,3,3,1,1,0,0,8.264249,7.433102,8.944527,NOT SUPPORT!,8.341390,3.792782,2.788125,2.824078,6
64,96,97,97,96,3,3,1,1,0,0,8.458467,7.605817,9.165939,NOT SUPPORT!,8.360619,3.876409,2.798137,2.844217,6
64,96,128,128,96,3,3,1,1,0,0,18.074965,14.265117,16.028898,NOT SUPPORT!,8.539364,6.028629,4.921571,4.983580,6
64,96,256,256,96,3,3,1,1,0,0,59.952244,53.551224,68.052765,NOT SUPPORT!,33.982468,21.116358,19.941717,20.186338,6
64,96,384,384,96,3,3,1,1,0,0,135.100769,120.976601,NOT SUPPORT!,NOT SUPPORT!,NOT SUPPORT!,44.781567,45.005936,45.017769,5
64,96,512,512,96,3,3,1,1,0,0,240.737274,215.519104,NOT SUPPORT!,NOT SUPPORT!,NOT SUPPORT!,76.654137,80.016953,NOT SUPPORT!,5
64,96,640,640,96,3,3,1,1,0,0,NOT SUPPORT!,NOT SUPPORT!,NOT SUPPORT!,NOT SUPPORT!,NOT SUPPORT!,NOT SUPPORT!,NOT SUPPORT!,NOT SUPPORT!,NOT SUPPORT!
64,96,768,768,96,3,3,1,1,0,0,NOT SUPPORT!,NOT SUPPORT!,NOT SUPPORT!,NOT SUPPORT!,NOT SUPPORT!,NOT SUPPORT!,NOT SUPPORT!,NOT SUPPORT!,NOT SUPPORT!
64,96,896,896,96,3,3,1,1,0,0,NOT SUPPORT!,NOT SUPPORT!,NOT SUPPORT!,NOT SUPPORT!,NOT SUPPORT!,NOT SUPPORT!,NOT SUPPORT!,NOT SUPPORT!,NOT SUPPORT!
64,96,1024,1024,96,3,3,1,1,0,0,NOT SUPPORT!,NOT SUPPORT!,NOT SUPPORT!,NOT SUPPORT!,NOT SUPPORT!,NOT SUPPORT!,NOT SUPPORT!,NOT SUPPORT!,NOT SUPPORT!
64,96,2048,2048,96,3,3,1,1,0,0,NOT SUPPORT!,NOT SUPPORT!,NOT SUPPORT!,NOT SUPPORT!,NOT SUPPORT!,NOT SUPPORT!,NOT SUPPORT!,NOT SUPPORT!,NOT SUPPORT!
64,96,3072,3072,96,3,3,1,1,0,0,NOT SUPPORT!,NOT SUPPORT!,NOT SUPPORT!,NOT SUPPORT!,NOT SUPPORT!,NOT SUPPORT!,NOT SUPPORT!,NOT SUPPORT!,NOT SUPPORT!
64,128,1,1,128,3,3,1,1,0,0,NOT SUPPORT!,NOT SUPPORT!,NOT SUPPORT!,NOT SUPPORT!,NOT SUPPORT!,NOT SUPPORT!,NOT SUPPORT!,NOT SUPPORT!,NOT SUPPORT!
64,128,2,2,128,3,3,1,1,0,0,NOT SUPPORT!,NOT SUPPORT!,NOT SUPPORT!,NOT SUPPORT!,NOT SUPPORT!,NOT SUPPORT!,NOT SUPPORT!,NOT SUPPORT!,NOT SUPPORT!
64,128,4,4,128,3,3,1,1,0,0,0.084423,0.156103,0.125497,NOT SUPPORT!,0.174194,0.425984,0.125724,0.067812,7
64,128,7,7,128,3,3,1,1,0,0,0.127431,0.195698,0.167026,NOT SUPPORT!,0.175673,0.429852,0.094436,0.069404,7
64,128,8,8,128,3,3,1,1,0,0,0.130503,0.194901,0.165888,NOT SUPPORT!,0.176356,0.431218,0.094549,0.069404,7
64,128,15,15,128,3,3,1,1,0,0,0.379335,0.407893,0.425188,NOT SUPPORT!,0.185799,0.443051,0.195470,0.152690,7
64,128,16,16,128,3,3,1,1,0,0,0.432811,0.413013,0.440661,NOT SUPPORT!,0.190692,0.434517,0.195015,0.152121,7
64,128,24,24,128,3,3,1,1,0,0,0.939463,0.909653,0.977806,NOT SUPPORT!,0.525653,0.441799,0.532594,0.290020,7
64,128,32,32,128,3,3,1,1,0,0,1.575026,1.455104,1.643634,NOT SUPPORT!,0.535097,0.452153,0.672427,0.495388,5
64,128,48,48,128,3,3,1,1,0,0,3.352690,3.033202,3.511182,NOT SUPPORT!,2.440419,1.404587,1.658311,1.063709,7
64,128,64,64,128,3,3,1,1,0,0,4.939548,4.397966,5.331968,NOT SUPPORT!,2.223445,2.703815,2.490709,1.664000,7
64,128,96,96,128,3,3,1,1,0,0,11.137365,9.969437,12.016867,NOT SUPPORT!,12.128940,5.013504,4.791979,3.729522,7
64,128,97,97,128,3,3,1,1,0,0,12.077853,11.135545,12.345230,NOT SUPPORT!,12.146118,5.126486,4.807111,3.801202,7
64,128,128,128,128,3,3,1,1,0,0,20.558052,17.721571,21.592064,NOT SUPPORT!,12.353081,7.975936,8.475990,6.554055,7
64,128,256,256,128,3,3,1,1,0,0,81.221405,71.889458,938.757385,NOT SUPPORT!,48.538166,27.851093,34.551239,26.447075,7
64,128,384,384,128,3,3,1,1,0,0,181.957977,162.327454,2149.743652,NOT SUPPORT!,NOT SUPPORT!,59.127346,77.734009,NOT SUPPORT!,5
64,128,512,512,128,3,3,1,1,0,0,NOT SUPPORT!,NOT SUPPORT!,NOT SUPPORT!,NOT SUPPORT!,NOT SUPPORT!,NOT SUPPORT!,NOT SUPPORT!,NOT SUPPORT!,NOT SUPPORT!
64,128,640,640,128,3,3,1,1,0,0,NOT SUPPORT!,NOT SUPPORT!,NOT SUPPORT!,NOT SUPPORT!,NOT SUPPORT!,NOT SUPPORT!,NOT SUPPORT!,NOT SUPPORT!,NOT SUPPORT!
64,128,768,768,128,3,3,1,1,0,0,NOT SUPPORT!,NOT SUPPORT!,NOT SUPPORT!,NOT SUPPORT!,NOT SUPPORT!,NOT SUPPORT!,NOT SUPPORT!,NOT SUPPORT!,NOT SUPPORT!
64,128,896,896,128,3,3,1,1,0,0,NOT SUPPORT!,NOT SUPPORT!,NOT SUPPORT!,NOT SUPPORT!,NOT SUPPORT!,NOT SUPPORT!,NOT SUPPORT!,NOT SUPPORT!,NOT SUPPORT!
64,128,1024,1024,128,3,3,1,1,0,0,NOT SUPPORT!,NOT SUPPORT!,NOT SUPPORT!,NOT SUPPORT!,NOT SUPPORT!,NOT SUPPORT!,NOT SUPPORT!,NOT SUPPORT!,NOT SUPPORT!
64,128,2048,2048,128,3,3,1,1,0,0,NOT SUPPORT!,NOT SUPPORT!,NOT SUPPORT!,NOT SUPPORT!,NOT SUPPORT!,NOT SUPPORT!,NOT SUPPORT!,NOT SUPPORT!,NOT SUPPORT!
64,128,3072,3072,128,3,3,1,1,0,0,NOT SUPPORT!,NOT SUPPORT!,NOT SUPPORT!,NOT SUPPORT!,NOT SUPPORT!,NOT SUPPORT!,NOT SUPPORT!,NOT SUPPORT!,NOT SUPPORT!
64,256,1,1,256,3,3,1,1,0,0,NOT SUPPORT!,NOT SUPPORT!,NOT SUPPORT!,NOT SUPPORT!,NOT SUPPORT!,NOT SUPPORT!,NOT SUPPORT!,NOT SUPPORT!,NOT SUPPORT!
64,256,2,2,256,3,3,1,1,0,0,NOT SUPPORT!,NOT SUPPORT!,NOT SUPPORT!,NOT SUPPORT!,NOT SUPPORT!,NOT SUPPORT!,NOT SUPPORT!,NOT SUPPORT!,NOT SUPPORT!
64,256,4,4,256,3,3,1,1,0,0,0.127204,0.210034,0.153372,NOT SUPPORT!,0.458297,1.133682,0.134599,0.091477,7
64,256,7,7,256,3,3,1,1,0,0,0.208896,0.292295,0.245646,NOT SUPPORT!,0.459662,1.137436,0.191488,0.145294,7
64,256,8,8,256,3,3,1,1,0,0,0.359879,0.291385,0.368526,NOT SUPPORT!,0.460800,1.140395,0.190578,0.144953,7
64,256,15,15,256,3,3,1,1,0,0,1.026275,1.002041,1.079069,NOT SUPPORT!,0.472633,1.169408,0.607801,0.380018,7
64,256,16,16,256,3,3,1,1,0,0,1.182720,1.078386,1.124352,NOT SUPPORT!,0.483100,1.151431,0.563996,0.381156,7
64,256,24,24,256,3,3,1,1,0,0,2.524615,2.479787,2.443036,NOT SUPPORT!,1.442702,1.171456,1.338368,0.759580,7
64,256,32,32,256,3,3,1,1,0,0,4.485575,4.280775,4.510607,NOT SUPPORT!,1.464548,1.192732,2.070869,1.348949,5
64,256,48,48,256,3,3,1,1,0,0,9.855772,9.472569,10.398037,NOT SUPPORT!,7.218062,4.005774,5.017828,2.974037,7
64,256,64,64,256,3,3,1,1,0,0,17.656263,17.101597,18.681059,NOT SUPPORT!,7.370866,8.735971,9.588623,5.315242,7
64,256,96,96,256,3,3,1,1,0,0,40.168106,38.077892,42.377335,NOT SUPPORT!,39.224205,15.907043,18.399460,11.963848,7
64,256,97,97,256,3,3,1,1,0,0,42.337620,38.955002,43.432617,NOT SUPPORT!,39.246052,16.128683,18.530302,11.992632,7
64,256,128,128,256,3,3,1,1,0,0,73.906403,67.998146,80.962326,NOT SUPPORT!,39.632099,25.029406,35.008511,21.166307,7
64,256,256,256,256,3,3,1,1,0,0,291.200195,275.490021,NOT SUPPORT!,NOT SUPPORT!,NOT SUPPORT!,83.930229,141.994659,NOT SUPPORT!,5
64,256,384,384,256,3,3,1,1,0,0,NOT SUPPORT!,NOT SUPPORT!,NOT SUPPORT!,NOT SUPPORT!,NOT SUPPORT!,NOT SUPPORT!,NOT SUPPORT!,NOT SUPPORT!,NOT SUPPORT!
64,256,512,512,256,3,3,1,1,0,0,NOT SUPPORT!,NOT SUPPORT!,NOT SUPPORT!,NOT SUPPORT!,NOT SUPPORT!,NOT SUPPORT!,NOT SUPPORT!,NOT SUPPORT!,NOT SUPPORT!
64,256,640,640,256,3,3,1,1,0,0,NOT SUPPORT!,NOT SUPPORT!,NOT SUPPORT!,NOT SUPPORT!,NOT SUPPORT!,NOT SUPPORT!,NOT SUPPORT!,NOT SUPPORT!,NOT SUPPORT!
64,256,768,768,256,3,3,1,1,0,0,NOT SUPPORT!,NOT SUPPORT!,NOT SUPPORT!,NOT SUPPORT!,NOT SUPPORT!,NOT SUPPORT!,NOT SUPPORT!,NOT SUPPORT!,NOT SUPPORT!
64,256,896,896,256,3,3,1,1,0,0,NOT SUPPORT!,NOT SUPPORT!,NOT SUPPORT!,NOT SUPPORT!,NOT SUPPORT!,NOT SUPPORT!,NOT SUPPORT!,NOT SUPPORT!,NOT SUPPORT!
64,256,1024,1024,256,3,3,1,1,0,0,NOT SUPPORT!,NOT SUPPORT!,NOT SUPPORT!,NOT SUPPORT!,NOT SUPPORT!,NOT SUPPORT!,NOT SUPPORT!,NOT SUPPORT!,NOT SUPPORT!
64,256,2048,2048,256,3,3,1,1,0,0,NOT SUPPORT!,NOT SUPPORT!,NOT SUPPORT!,NOT SUPPORT!,NOT SUPPORT!,NOT SUPPORT!,NOT SUPPORT!,NOT SUPPORT!,NOT SUPPORT!
64,256,3072,3072,256,3,3,1,1,0,0,NOT SUPPORT!,NOT SUPPORT!,NOT SUPPORT!,NOT SUPPORT!,NOT SUPPORT!,NOT SUPPORT!,NOT SUPPORT!,NOT SUPPORT!,NOT SUPPORT!
64,384,1,1,384,3,3,1,1,0,0,NOT SUPPORT!,NOT SUPPORT!,NOT SUPPORT!,NOT SUPPORT!,NOT SUPPORT!,NOT SUPPORT!,NOT SUPPORT!,NOT SUPPORT!,NOT SUPPORT!
64,384,2,2,384,3,3,1,1,0,0,NOT SUPPORT!,NOT SUPPORT!,NOT SUPPORT!,NOT SUPPORT!,NOT SUPPORT!,NOT SUPPORT!,NOT SUPPORT!,NOT SUPPORT!,NOT SUPPORT!
64,384,4,4,384,3,3,1,1,0,0,0.185685,0.232562,0.203548,NOT SUPPORT!,0.897820,2.378069,0.665259,0.133348,7
64,384,7,7,384,3,3,1,1,0,0,0.533618,0.522354,0.518827,NOT SUPPORT!,0.899641,2.386716,0.667193,0.211854,7
64,384,8,8,384,3,3,1,1,0,0,0.551822,0.490951,0.522240,NOT SUPPORT!,0.902940,2.392292,0.668331,0.211854,7
64,384,15,15,384,3,3,1,1,0,0,2.956629,1.908622,1.967673,NOT SUPPORT!,0.917845,2.433024,1.298204,0.707129,7
64,384,16,16,384,3,3,1,1,0,0,2.978133,2.259741,2.349853,NOT SUPPORT!,0.934798,2.414137,1.301049,0.710428,7
64,384,24,24,384,3,3,1,1,0,0,5.820984,5.090987,5.323207,NOT SUPPORT!,3.061760,2.439623,2.792562,1.562283,7
64,384,32,32,384,3,3,1,1,0,0,12.393586,11.856099,9.427512,NOT SUPPORT!,3.090091,2.470229,5.011342,2.729529,5
64,384,48,48,384,3,3,1,1,0,0,28.935280,27.592247,21.988920,NOT SUPPORT!,15.416319,8.344120,10.817423,6.140245,7
64,384,64,64,384,3,3,1,1,0,0,54.347889,49.390133,39.775230,NOT SUPPORT!,15.652523,18.154383,19.122629,10.954068,7
64,384,96,96,384,3,3,1,1,0,0,118.414902,112.270218,121.132477,NOT SUPPORT!,81.804169,32.746952,41.146713,24.715832,7
64,384,97,97,384,3,3,1,1,0,0,121.223526,115.007378,124.138725,NOT SUPPORT!,81.848206,33.060749,41.298943,24.766806,7
64,384,128,128,384,3,3,1,1,0,0,212.253571,201.025879,218.342972,NOT SUPPORT!,82.406059,51.376812,72.866470,43.804783,7
64,384,256,256,384,3,3,1,1,0,0,861.862549,817.870361,NOT SUPPORT!,NOT SUPPORT!,NOT SUPPORT!,170.271973,293.550781,NOT SUPPORT!,5
64,384,384,384,384,3,3,1,1,0,0,NOT SUPPORT!,NOT SUPPORT!,NOT SUPPORT!,NOT SUPPORT!,NOT SUPPORT!,NOT SUPPORT!,NOT SUPPORT!,NOT SUPPORT!,NOT SUPPORT!
64,384,512,512,384,3,3,1,1,0,0,NOT SUPPORT!,NOT SUPPORT!,NOT SUPPORT!,NOT SUPPORT!,NOT SUPPORT!,NOT SUPPORT!,NOT SUPPORT!,NOT SUPPORT!,NOT SUPPORT!
64,384,640,640,384,3,3,1,1,0,0,NOT SUPPORT!,NOT SUPPORT!,NOT SUPPORT!,NOT SUPPORT!,NOT SUPPORT!,NOT SUPPORT!,NOT SUPPORT!,NOT SUPPORT!,NOT SUPPORT!
64,384,768,768,384,3,3,1,1,0,0,NOT SUPPORT!,NOT SUPPORT!,NOT SUPPORT!,NOT SUPPORT!,NOT SUPPORT!,NOT SUPPORT!,NOT SUPPORT!,NOT SUPPORT!,NOT SUPPORT!
64,384,896,896,384,3,3,1,1,0,0,NOT SUPPORT!,NOT SUPPORT!,NOT SUPPORT!,NOT SUPPORT!,NOT SUPPORT!,NOT SUPPORT!,NOT SUPPORT!,NOT SUPPORT!,NOT SUPPORT!
64,384,1024,1024,384,3,3,1,1,0,0,NOT SUPPORT!,NOT SUPPORT!,NOT SUPPORT!,NOT SUPPORT!,NOT SUPPORT!,NOT SUPPORT!,NOT SUPPORT!,NOT SUPPORT!,NOT SUPPORT!
64,384,2048,2048,384,3,3,1,1,0,0,NOT SUPPORT!,NOT SUPPORT!,NOT SUPPORT!,NOT SUPPORT!,NOT SUPPORT!,NOT SUPPORT!,NOT SUPPORT!,NOT SUPPORT!,NOT SUPPORT!
64,384,3072,3072,384,3,3,1,1,0,0,NOT SUPPORT!,NOT SUPPORT!,NOT SUPPORT!,NOT SUPPORT!,NOT SUPPORT!,NOT SUPPORT!,NOT SUPPORT!,NOT SUPPORT!,NOT SUPPORT!
64,512,1,1,512,3,3,1,1,0,0,NOT SUPPORT!,NOT SUPPORT!,NOT SUPPORT!,NOT SUPPORT!,NOT SUPPORT!,NOT SUPPORT!,NOT SUPPORT!,NOT SUPPORT!,NOT SUPPORT!
64,512,2,2,512,3,3,1,1,0,0,NOT SUPPORT!,NOT SUPPORT!,NOT SUPPORT!,NOT SUPPORT!,NOT SUPPORT!,NOT SUPPORT!,NOT SUPPORT!,NOT SUPPORT!,NOT SUPPORT!
64,512,4,4,512,3,3,1,1,0,0,0.383090,0.631922,0.555804,NOT SUPPORT!,1.576391,4.079957,0.579584,0.276708,7
64,512,7,7,512,3,3,1,1,0,0,0.732729,0.616334,0.661845,NOT SUPPORT!,1.577074,4.087808,0.579470,0.379335,7
64,512,8,8,512,3,3,1,1,0,0,1.044366,1.079410,1.082254,NOT SUPPORT!,1.581170,4.093269,1.094087,0.380359,7
64,512,15,15,512,3,3,1,1,0,0,3.970275,3.437227,3.513913,NOT SUPPORT!,1.600853,4.141966,2.140274,1.230962,7
64,512,16,16,512,3,3,1,1,0,0,3.984839,3.910542,4.008732,NOT SUPPORT!,1.626339,4.102713,2.160640,1.235058,7
64,512,24,24,512,3,3,1,1,0,0,8.879217,8.531057,8.884907,NOT SUPPORT!,5.247317,4.158123,4.888007,2.655573,7
64,512,32,32,512,3,3,1,1,0,0,16.587776,15.879510,16.571051,NOT SUPPORT!,5.311602,4.201245,8.720499,4.741803,5
64,512,48,48,512,3,3,1,1,0,0,38.745998,37.148106,38.280651,NOT SUPPORT!,26.559944,14.210504,18.921700,10.482574,7
64,512,64,64,512,3,3,1,1,0,0,71.821426,66.698357,69.123192,NOT SUPPORT!,26.859749,30.817623,33.556595,18.671730,7
64,512,96,96,512,3,3,1,1,0,0,158.573456,151.792648,163.093384,NOT SUPPORT!,NOT SUPPORT!,55.141373,72.988449,42.081280,7
64,512,97,97,512,3,3,1,1,0,0,162.383759,155.595657,167.068100,NOT SUPPORT!,NOT SUPPORT!,55.560413,73.104950,42.178673,7
64,512,128,128,512,3,3,1,1,0,0,284.431702,271.295624,292.790955,NOT SUPPORT!,NOT SUPPORT!,86.230583,130.037643,74.422386,7
64,512,256,256,512,3,3,1,1,0,0,NOT SUPPORT!,NOT SUPPORT!,NOT SUPPORT!,NOT SUPPORT!,NOT SUPPORT!,NOT SUPPORT!,NOT SUPPORT!,NOT SUPPORT!,NOT SUPPORT!
64,512,384,384,512,3,3,1,1,0,0,NOT SUPPORT!,NOT SUPPORT!,NOT SUPPORT!,NOT SUPPORT!,NOT SUPPORT!,NOT SUPPORT!,NOT SUPPORT!,NOT SUPPORT!,NOT SUPPORT!
64,512,512,512,512,3,3,1,1,0,0,NOT SUPPORT!,NOT SUPPORT!,NOT SUPPORT!,NOT SUPPORT!,NOT SUPPORT!,NOT SUPPORT!,NOT SUPPORT!,NOT SUPPORT!,NOT SUPPORT!
64,512,640,640,512,3,3,1,1,0,0,NOT SUPPORT!,NOT SUPPORT!,NOT SUPPORT!,NOT SUPPORT!,NOT SUPPORT!,NOT SUPPORT!,NOT SUPPORT!,NOT SUPPORT!,NOT SUPPORT!
64,512,768,768,512,3,3,1,1,0,0,NOT SUPPORT!,NOT SUPPORT!,NOT SUPPORT!,NOT SUPPORT!,NOT SUPPORT!,NOT SUPPORT!,NOT SUPPORT!,NOT SUPPORT!,NOT SUPPORT!
64,512,896,896,512,3,3,1,1,0,0,NOT SUPPORT!,NOT SUPPORT!,NOT SUPPORT!,NOT SUPPORT!,NOT SUPPORT!,NOT SUPPORT!,NOT SUPPORT!,NOT SUPPORT!,NOT SUPPORT!
64,512,1024,1024,512,3,3,1,1,0,0,NOT SUPPORT!,NOT SUPPORT!,NOT SUPPORT!,NOT SUPPORT!,NOT SUPPORT!,NOT SUPPORT!,NOT SUPPORT!,NOT SUPPORT!,NOT SUPPORT!
64,512,2048,2048,512,3,3,1,1,0,0,NOT SUPPORT!,NOT SUPPORT!,NOT SUPPORT!,NOT SUPPORT!,NOT SUPPORT!,NOT SUPPORT!,NOT SUPPORT!,NOT SUPPORT!,NOT SUPPORT!
64,512,3072,3072,512,3,3,1,1,0,0,NOT SUPPORT!,NOT SUPPORT!,NOT SUPPORT!,NOT SUPPORT!,NOT SUPPORT!,NOT SUPPORT!,NOT SUPPORT!,NOT SUPPORT!,NOT SUPPORT!
64,640,1,1,640,3,3,1,1,0,0,NOT SUPPORT!,NOT SUPPORT!,NOT SUPPORT!,NOT SUPPORT!,NOT SUPPORT!,NOT SUPPORT!,NOT SUPPORT!,NOT SUPPORT!,NOT SUPPORT!
64,640,2,2,640,3,3,1,1,0,0,NOT SUPPORT!,NOT SUPPORT!,NOT SUPPORT!,NOT SUPPORT!,NOT SUPPORT!,NOT SUPPORT!,NOT SUPPORT!,NOT SUPPORT!,NOT SUPPORT!
64,640,4,4,640,3,3,1,1,0,0,0.477070,0.746268,0.744107,NOT SUPPORT!,2.497991,6.489202,0.855381,0.356238,7
64,640,7,7,640,3,3,1,1,0,0,1.282958,1.318571,1.329380,NOT SUPPORT!,2.501177,6.515143,0.856747,0.603364,7
64,640,8,8,640,3,3,1,1,0,0,1.541120,1.321529,1.340075,NOT SUPPORT!,2.501177,6.526862,1.627819,0.601429,7
64,640,15,15,640,3,3,1,1,0,0,6.154809,4.852850,4.915883,NOT SUPPORT!,2.520064,6.586141,3.208875,1.906119,7
64,640,16,16,640,3,3,1,1,0,0,7.668849,6.855907,6.791054,NOT SUPPORT!,2.634069,6.627101,3.232312,1.911467,7
64,640,24,24,640,3,3,1,1,0,0,16.974848,16.198315,13.869511,NOT SUPPORT!,8.202127,6.625280,7.588978,4.037745,7
64,640,32,32,640,3,3,1,1,0,0,30.207771,28.839708,25.183006,NOT SUPPORT!,8.266410,6.672384,13.394375,7.261866,5
64,640,48,48,640,3,3,1,1,0,0,72.164917,67.763771,58.479385,NOT SUPPORT!,41.416245,22.080057,29.553663,16.025486,7
64,640,64,64,640,3,3,1,1,0,0,128.687912,122.651543,106.022797,NOT SUPPORT!,41.734596,47.542042,52.424820,28.496897,7
64,640,96,96,640,3,3,1,1,0,0,295.548004,281.835510,297.566010,NOT SUPPORT!,NOT SUPPORT!,84.482506,114.261894,63.924568,7
64,640,97,97,640,3,3,1,1,0,0,301.533539,287.745392,303.830353,NOT SUPPORT!,NOT SUPPORT!,84.990410,114.654999,63.916145,7
64,640,128,128,640,3,3,1,1,0,0,529.987366,505.405426,533.985046,NOT SUPPORT!,NOT SUPPORT!,131.943665,203.482239,113.334831,7
64,640,256,256,640,3,3,1,1,0,0,NOT SUPPORT!,NOT SUPPORT!,NOT SUPPORT!,NOT SUPPORT!,NOT SUPPORT!,NOT SUPPORT!,NOT SUPPORT!,NOT SUPPORT!,NOT SUPPORT!
64,640,384,384,640,3,3,1,1,0,0,NOT SUPPORT!,NOT SUPPORT!,NOT SUPPORT!,NOT SUPPORT!,NOT SUPPORT!,NOT SUPPORT!,NOT SUPPORT!,NOT SUPPORT!,NOT SUPPORT!
64,640,512,512,640,3,3,1,1,0,0,NOT SUPPORT!,NOT SUPPORT!,NOT SUPPORT!,NOT SUPPORT!,NOT SUPPORT!,NOT SUPPORT!,NOT SUPPORT!,NOT SUPPORT!,NOT SUPPORT!
64,640,640,640,640,3,3,1,1,0,0,NOT SUPPORT!,NOT SUPPORT!,NOT SUPPORT!,NOT SUPPORT!,NOT SUPPORT!,NOT SUPPORT!,NOT SUPPORT!,NOT SUPPORT!,NOT SUPPORT!
64,640,768,768,640,3,3,1,1,0,0,NOT SUPPORT!,NOT SUPPORT!,NOT SUPPORT!,NOT SUPPORT!,NOT SUPPORT!,NOT SUPPORT!,NOT SUPPORT!,NOT SUPPORT!,NOT SUPPORT!
64,640,896,896,640,3,3,1,1,0,0,NOT SUPPORT!,NOT SUPPORT!,NOT SUPPORT!,NOT SUPPORT!,NOT SUPPORT!,NOT SUPPORT!,NOT SUPPORT!,NOT SUPPORT!,NOT SUPPORT!
64,640,1024,1024,640,3,3,1,1,0,0,NOT SUPPORT!,NOT SUPPORT!,NOT SUPPORT!,NOT SUPPORT!,NOT SUPPORT!,NOT SUPPORT!,NOT SUPPORT!,NOT SUPPORT!,NOT SUPPORT!
64,640,2048,2048,640,3,3,1,1,0,0,NOT SUPPORT!,NOT SUPPORT!,NOT SUPPORT!,NOT SUPPORT!,NOT SUPPORT!,NOT SUPPORT!,NOT SUPPORT!,NOT SUPPORT!,NOT SUPPORT!
64,640,3072,3072,640,3,3,1,1,0,0,NOT SUPPORT!,NOT SUPPORT!,NOT SUPPORT!,NOT SUPPORT!,NOT SUPPORT!,NOT SUPPORT!,NOT SUPPORT!,NOT SUPPORT!,NOT SUPPORT!
64,768,1,1,768,3,3,1,1,0,0,NOT SUPPORT!,NOT SUPPORT!,NOT SUPPORT!,NOT SUPPORT!,NOT SUPPORT!,NOT SUPPORT!,NOT SUPPORT!,NOT SUPPORT!,NOT SUPPORT!
64,768,2,2,768,3,3,1,1,0,0,NOT SUPPORT!,NOT SUPPORT!,NOT SUPPORT!,NOT SUPPORT!,NOT SUPPORT!,NOT SUPPORT!,NOT SUPPORT!,NOT SUPPORT!,NOT SUPPORT!
64,768,4,4,768,3,3,1,1,0,0,0.579129,0.884850,0.894976,NOT SUPPORT!,3.392171,8.929963,1.348722,0.437476,7
64,768,7,7,768,3,3,1,1,0,0,1.577301,1.559552,1.579008,NOT SUPPORT!,3.397746,8.950329,1.349063,0.730908,7
64,768,8,8,768,3,3,1,1,0,0,2.030478,1.561941,1.598123,NOT SUPPORT!,3.399452,8.955335,2.425173,0.731819,7
64,768,15,15,768,3,3,1,1,0,0,7.395328,7.189050,7.230009,NOT SUPPORT!,3.425735,9.032476,4.632690,2.572743,7
64,768,16,16,768,3,3,1,1,0,0,10.941212,9.735965,9.784093,NOT SUPPORT!,3.595605,9.101539,4.631211,2.582869,7
64,768,24,24,768,3,3,1,1,0,0,20.400013,19.549753,19.327660,NOT SUPPORT!,11.528761,9.107456,10.850303,5.799367,7
64,768,32,32,768,3,3,1,1,0,0,36.364975,34.774357,35.691517,NOT SUPPORT!,11.643450,9.160362,19.395699,10.120419,5
64,768,48,48,768,3,3,1,1,0,0,87.834160,81.588104,83.570343,NOT SUPPORT!,58.040432,30.639103,42.274929,22.557697,7
64,768,64,64,768,3,3,1,1,0,0,154.837692,147.774902,151.363708,NOT SUPPORT!,58.434219,66.449188,75.916855,40.064453,7
64,768,96,96,768,3,3,1,1,0,0,355.707642,339.492615,358.293091,NOT SUPPORT!,NOT SUPPORT!,118.311485,164.492737,90.063759,7
64,768,97,97,768,3,3,1,1,0,0,362.974213,346.661102,365.948273,NOT SUPPORT!,NOT SUPPORT!,118.837929,165.039337,90.208710,7
64,768,128,128,768,3,3,1,1,0,0,637.849304,608.657471,643.236755,NOT SUPPORT!,NOT SUPPORT!,184.469177,292.829773,159.878601,7
64,768,256,256,768,3,3,1,1,0,0,NOT SUPPORT!,NOT SUPPORT!,NOT SUPPORT!,NOT SUPPORT!,NOT SUPPORT!,NOT SUPPORT!,NOT SUPPORT!,NOT SUPPORT!,NOT SUPPORT!
64,768,384,384,768,3,3,1,1,0,0,NOT SUPPORT!,NOT SUPPORT!,NOT SUPPORT!,NOT SUPPORT!,NOT SUPPORT!,NOT SUPPORT!,NOT SUPPORT!,NOT SUPPORT!,NOT SUPPORT!
64,768,512,512,768,3,3,1,1,0,0,NOT SUPPORT!,NOT SUPPORT!,NOT SUPPORT!,NOT SUPPORT!,NOT SUPPORT!,NOT SUPPORT!,NOT SUPPORT!,NOT SUPPORT!,NOT SUPPORT!
64,768,640,640,768,3,3,1,1,0,0,NOT SUPPORT!,NOT SUPPORT!,NOT SUPPORT!,NOT SUPPORT!,NOT SUPPORT!,NOT SUPPORT!,NOT SUPPORT!,NOT SUPPORT!,NOT SUPPORT!
64,768,768,768,768,3,3,1,1,0,0,NOT SUPPORT!,NOT SUPPORT!,NOT SUPPORT!,NOT SUPPORT!,NOT SUPPORT!,NOT SUPPORT!,NOT SUPPORT!,NOT SUPPORT!,NOT SUPPORT!
64,768,896,896,768,3,3,1,1,0,0,NOT SUPPORT!,NOT SUPPORT!,NOT SUPPORT!,NOT SUPPORT!,NOT SUPPORT!,NOT SUPPORT!,NOT SUPPORT!,NOT SUPPORT!,NOT SUPPORT!
64,768,1024,1024,768,3,3,1,1,0,0,NOT SUPPORT!,NOT SUPPORT!,NOT SUPPORT!,NOT SUPPORT!,NOT SUPPORT!,NOT SUPPORT!,NOT SUPPORT!,NOT SUPPORT!,NOT SUPPORT!
64,768,2048,2048,768,3,3,1,1,0,0,NOT SUPPORT!,NOT SUPPORT!,NOT SUPPORT!,NOT SUPPORT!,NOT SUPPORT!,NOT SUPPORT!,NOT SUPPORT!,NOT SUPPORT!,NOT SUPPORT!
64,768,3072,3072,768,3,3,1,1,0,0,NOT SUPPORT!,NOT SUPPORT!,NOT SUPPORT!,NOT SUPPORT!,NOT SUPPORT!,NOT SUPPORT!,NOT SUPPORT!,NOT SUPPORT!,NOT SUPPORT!
64,896,1,1,896,3,3,1,1,0,0,NOT SUPPORT!,NOT SUPPORT!,NOT SUPPORT!,NOT SUPPORT!,NOT SUPPORT!,NOT SUPPORT!,NOT SUPPORT!,NOT SUPPORT!,NOT SUPPORT!
64,896,2,2,896,3,3,1,1,0,0,NOT SUPPORT!,NOT SUPPORT!,NOT SUPPORT!,NOT SUPPORT!,NOT SUPPORT!,NOT SUPPORT!,NOT SUPPORT!,NOT SUPPORT!,NOT SUPPORT!
64,896,4,4,896,3,3,1,1,0,0,0.716117,1.010916,1.027982,NOT SUPPORT!,4.635079,12.076488,1.762076,0.689721,7
64,896,7,7,896,3,3,1,1,0,0,2.146645,1.801330,1.831481,NOT SUPPORT!,4.638947,12.091961,1.763100,1.032419,7
64,896,8,8,896,3,3,1,1,0,0,3.211492,2.613476,2.625081,NOT SUPPORT!,4.644295,12.105613,3.197497,1.033557,7
64,896,15,15,896,3,3,1,1,0,0,11.941661,9.189490,9.246265,NOT SUPPORT!,4.665002,12.179798,6.317284,3.512434,7
64,896,16,16,896,3,3,1,1,0,0,13.625457,10.820950,10.863617,NOT SUPPORT!,4.714041,12.141112,6.316828,3.515733,7
64,896,24,24,896,3,3,1,1,0,0,30.485617,29.107430,26.411919,NOT SUPPORT!,15.613155,12.246244,14.666752,7.729721,7
64,896,32,32,896,3,3,1,1,0,0,57.291206,54.670792,48.531231,NOT SUPPORT!,15.724202,12.314624,26.290518,13.606230,5
64,896,48,48,896,3,3,1,1,0,0,132.894272,113.031174,113.171783,NOT SUPPORT!,78.187065,41.329781,56.096767,30.301073,7
64,896,64,64,896,3,3,1,1,0,0,240.413116,204.633438,204.735168,NOT SUPPORT!,78.895325,89.212242,99.332092,53.912579,7
64,896,96,96,896,3,3,1,1,0,0,551.198425,468.891754,499.035706,NOT SUPPORT!,NOT SUPPORT!,158.452499,224.627945,120.937584,7
64,896,97,97,896,3,3,1,1,0,0,562.941711,478.810333,509.781250,NOT SUPPORT!,NOT SUPPORT!,159.082825,225.234146,121.119072,7
64,896,128,128,896,3,3,1,1,0,0,988.458740,842.175537,NOT SUPPORT!,NOT SUPPORT!,NOT SUPPORT!,246.863525,399.191040,214.924500,7
64,896,256,256,896,3,3,1,1,0,0,NOT SUPPORT!,NOT SUPPORT!,NOT SUPPORT!,NOT SUPPORT!,NOT SUPPORT!,NOT SUPPORT!,NOT SUPPORT!,NOT SUPPORT!,NOT SUPPORT!
64,896,384,384,896,3,3,1,1,0,0,NOT SUPPORT!,NOT SUPPORT!,NOT SUPPORT!,NOT SUPPORT!,NOT SUPPORT!,NOT SUPPORT!,NOT SUPPORT!,NOT SUPPORT!,NOT SUPPORT!
64,896,512,512,896,3,3,1,1,0,0,NOT SUPPORT!,NOT SUPPORT!,NOT SUPPORT!,NOT SUPPORT!,NOT SUPPORT!,NOT SUPPORT!,NOT SUPPORT!,NOT SUPPORT!,NOT SUPPORT!
64,896,640,640,896,3,3,1,1,0,0,NOT SUPPORT!,NOT SUPPORT!,NOT SUPPORT!,NOT SUPPORT!,NOT SUPPORT!,NOT SUPPORT!,NOT SUPPORT!,NOT SUPPORT!,NOT SUPPORT!
64,896,768,768,896,3,3,1,1,0,0,NOT SUPPORT!,NOT SUPPORT!,NOT SUPPORT!,NOT SUPPORT!,NOT SUPPORT!,NOT SUPPORT!,NOT SUPPORT!,NOT SUPPORT!,NOT SUPPORT!
64,896,896,896,896,3,3,1,1,0,0,NOT SUPPORT!,NOT SUPPORT!,NOT SUPPORT!,NOT SUPPORT!,NOT SUPPORT!,NOT SUPPORT!,NOT SUPPORT!,NOT SUPPORT!,NOT SUPPORT!
64,896,1024,1024,896,3,3,1,1,0,0,NOT SUPPORT!,NOT SUPPORT!,NOT SUPPORT!,NOT SUPPORT!,NOT SUPPORT!,NOT SUPPORT!,NOT SUPPORT!,NOT SUPPORT!,NOT SUPPORT!
64,896,2048,2048,896,3,3,1,1,0,0,NOT SUPPORT!,NOT SUPPORT!,NOT SUPPORT!,NOT SUPPORT!,NOT SUPPORT!,NOT SUPPORT!,NOT SUPPORT!,NOT SUPPORT!,NOT SUPPORT!
64,896,3072,3072,896,3,3,1,1,0,0,NOT SUPPORT!,NOT SUPPORT!,NOT SUPPORT!,NOT SUPPORT!,NOT SUPPORT!,NOT SUPPORT!,NOT SUPPORT!,NOT SUPPORT!,NOT SUPPORT!
64,1024,1,1,1024,3,3,1,1,0,0,NOT SUPPORT!,NOT SUPPORT!,NOT SUPPORT!,NOT SUPPORT!,NOT SUPPORT!,NOT SUPPORT!,NOT SUPPORT!,NOT SUPPORT!,NOT SUPPORT!
64,1024,2,2,1024,3,3,1,1,0,0,NOT SUPPORT!,NOT SUPPORT!,NOT SUPPORT!,NOT SUPPORT!,NOT SUPPORT!,NOT SUPPORT!,NOT SUPPORT!,NOT SUPPORT!,NOT SUPPORT!
64,1024,4,4,1024,3,3,1,1,0,0,0.987705,1.189888,0.867783,NOT SUPPORT!,7.411484,16.699848,4.073812,0.803499,7
64,1024,7,7,1024,3,3,1,1,0,0,2.745116,2.737721,2.418688,NOT SUPPORT!,6.075734,15.683697,4.077682,1.383538,7
64,1024,8,8,1024,3,3,1,1,0,0,4.038997,2.975403,2.987350,NOT SUPPORT!,6.086657,15.692461,4.074610,1.384220,7
64,1024,15,15,1024,3,3,1,1,0,0,13.668352,12.353196,12.336697,NOT SUPPORT!,6.116693,15.803164,8.055012,4.594461,7
64,1024,16,16,1024,3,3,1,1,0,0,15.647288,14.180579,14.223589,NOT SUPPORT!,6.161294,15.758450,8.061952,4.643612,7
64,1024,24,24,1024,3,3,1,1,0,0,34.862198,33.330521,33.823174,NOT SUPPORT!,20.268032,15.844238,19.268038,9.980928,7
64,1024,32,32,1024,3,3,1,1,0,0,65.627029,62.637173,62.654804,NOT SUPPORT!,20.410254,15.938106,34.187149,17.620422,5
64,1024,48,48,1024,3,3,1,1,0,0,152.240799,146.899734,146.450775,NOT SUPPORT!,NOT SUPPORT!,53.327305,73.301788,39.155258,7
64,1024,64,64,1024,3,3,1,1,0,0,275.451233,266.572906,283.933105,NOT SUPPORT!,NOT SUPPORT!,115.255524,130.029694,69.709030,7
64,1024,96,96,1024,3,3,1,1,0,0,631.444336,612.174866,651.281250,NOT SUPPORT!,NOT SUPPORT!,204.422256,293.365112,156.218689,7
64,1024,97,97,1024,3,3,1,1,0,0,644.905518,625.263611,665.488586,NOT SUPPORT!,NOT SUPPORT!,205.205261,294.304749,156.511230,7
64,1024,128,128,1024,3,3,1,1,0,0,1132.426270,1099.544189,NOT SUPPORT!,NOT SUPPORT!,NOT SUPPORT!,318.470825,521.954529,NOT SUPPORT!,5
64,1024,256,256,1024,3,3,1,1,0,0,NOT SUPPORT!,NOT SUPPORT!,NOT SUPPORT!,NOT SUPPORT!,NOT SUPPORT!,NOT SUPPORT!,NOT SUPPORT!,NOT SUPPORT!,NOT SUPPORT!
64,1024,384,384,1024,3,3,1,1,0,0,NOT SUPPORT!,NOT SUPPORT!,NOT SUPPORT!,NOT SUPPORT!,NOT SUPPORT!,NOT SUPPORT!,NOT SUPPORT!,NOT SUPPORT!,NOT SUPPORT!
64,1024,512,512,1024,3,3,1,1,0,0,NOT SUPPORT!,NOT SUPPORT!,NOT SUPPORT!,NOT SUPPORT!,NOT SUPPORT!,NOT SUPPORT!,NOT SUPPORT!,NOT SUPPORT!,NOT SUPPORT!
64,1024,640,640,1024,3,3,1,1,0,0,NOT SUPPORT!,NOT SUPPORT!,NOT SUPPORT!,NOT SUPPORT!,NOT SUPPORT!,NOT SUPPORT!,NOT SUPPORT!,NOT SUPPORT!,NOT SUPPORT!
64,1024,768,768,1024,3,3,1,1,0,0,NOT SUPPORT!,NOT SUPPORT!,NOT SUPPORT!,NOT SUPPORT!,NOT SUPPORT!,NOT SUPPORT!,NOT SUPPORT!,NOT SUPPORT!,NOT SUPPORT!
64,1024,896,896,1024,3,3,1,1,0,0,NOT SUPPORT!,NOT SUPPORT!,NOT SUPPORT!,NOT SUPPORT!,NOT SUPPORT!,NOT SUPPORT!,NOT SUPPORT!,NOT SUPPORT!,NOT SUPPORT!
64,1024,1024,1024,1024,3,3,1,1,0,0,NOT SUPPORT!,NOT SUPPORT!,NOT SUPPORT!,NOT SUPPORT!,NOT SUPPORT!,NOT SUPPORT!,NOT SUPPORT!,NOT SUPPORT!,NOT SUPPORT!
64,1024,2048,2048,1024,3,3,1,1,0,0,NOT SUPPORT!,NOT SUPPORT!,NOT SUPPORT!,NOT SUPPORT!,NOT SUPPORT!,NOT SUPPORT!,NOT SUPPORT!,NOT SUPPORT!,NOT SUPPORT!
64,1024,3072,3072,1024,3,3,1,1,0,0,NOT SUPPORT!,NOT SUPPORT!,NOT SUPPORT!,NOT SUPPORT!,NOT SUPPORT!,NOT SUPPORT!,NOT SUPPORT!,NOT SUPPORT!,NOT SUPPORT!
64,2048,1,1,2048,3,3,1,1,0,0,NOT SUPPORT!,NOT SUPPORT!,NOT SUPPORT!,NOT SUPPORT!,NOT SUPPORT!,NOT SUPPORT!,NOT SUPPORT!,NOT SUPPORT!,NOT SUPPORT!
64,2048,2,2,2048,3,3,1,1,0,0,NOT SUPPORT!,NOT SUPPORT!,NOT SUPPORT!,NOT SUPPORT!,NOT SUPPORT!,NOT SUPPORT!,NOT SUPPORT!,NOT SUPPORT!,NOT SUPPORT!
64,2048,4,4,2048,3,3,1,1,0,0,5.148217,2.583779,2.661490,NOT SUPPORT!,25.362999,61.586773,16.185347,3.010105,1
64,2048,7,7,2048,3,3,1,1,0,0,8.002674,7.751566,7.680911,NOT SUPPORT!,23.672602,61.676773,16.188757,4.919182,7
64,2048,8,8,2048,3,3,1,1,0,0,14.632277,13.407801,12.489727,NOT SUPPORT!,23.611050,61.667099,16.190918,4.920661,7
64,2048,15,15,2048,3,3,1,1,0,0,55.801857,48.756733,47.947662,NOT SUPPORT!,23.624136,61.819107,32.683578,17.486961,7
64,2048,16,16,2048,3,3,1,1,0,0,64.187279,56.205425,55.260162,NOT SUPPORT!,23.693428,61.740715,33.152000,17.560917,7
64,2048,24,24,2048,3,3,1,1,0,0,138.987732,132.007126,132.012711,NOT SUPPORT!,NOT SUPPORT!,61.889648,77.642067,38.282925,7
64,2048,32,32,2048,3,3,1,1,0,0,257.751709,245.187256,245.338348,NOT SUPPORT!,NOT SUPPORT!,62.100483,138.335358,67.453270,5
64,2048,48,48,2048,3,3,1,1,0,0,603.593567,585.822876,614.196655,NOT SUPPORT!,NOT SUPPORT!,206.287537,297.564484,150.919632,7
64,2048,64,64,2048,3,3,1,1,0,0,1095.471191,1063.460693,1114.379883,NOT SUPPORT!,NOT SUPPORT!,445.866974,530.925964,268.009155,7
64,2048,96,96,2048,3,3,1,1,0,0,2516.634277,2443.187988,NOT SUPPORT!,NOT SUPPORT!,NOT SUPPORT!,786.257507,1203.342041,NOT SUPPORT!,5
64,2048,97,97,2048,3,3,1,1,0,0,2570.414551,2495.473633,NOT SUPPORT!,NOT SUPPORT!,NOT SUPPORT!,788.804443,1203.479248,NOT SUPPORT!,5
64,2048,128,128,2048,3,3,1,1,0,0,NOT SUPPORT!,NOT SUPPORT!,NOT SUPPORT!,NOT SUPPORT!,NOT SUPPORT!,NOT SUPPORT!,NOT SUPPORT!,NOT SUPPORT!,NOT SUPPORT!
64,2048,256,256,2048,3,3,1,1,0,0,NOT SUPPORT!,NOT SUPPORT!,NOT SUPPORT!,NOT SUPPORT!,NOT SUPPORT!,NOT SUPPORT!,NOT SUPPORT!,NOT SUPPORT!,NOT SUPPORT!
64,2048,384,384,2048,3,3,1,1,0,0,NOT SUPPORT!,NOT SUPPORT!,NOT SUPPORT!,NOT SUPPORT!,NOT SUPPORT!,NOT SUPPORT!,NOT SUPPORT!,NOT SUPPORT!,NOT SUPPORT!
64,2048,512,512,2048,3,3,1,1,0,0,NOT SUPPORT!,NOT SUPPORT!,NOT SUPPORT!,NOT SUPPORT!,NOT SUPPORT!,NOT SUPPORT!,NOT SUPPORT!,NOT SUPPORT!,NOT SUPPORT!
64,2048,640,640,2048,3,3,1,1,0,0,NOT SUPPORT!,NOT SUPPORT!,NOT SUPPORT!,NOT SUPPORT!,NOT SUPPORT!,NOT SUPPORT!,NOT SUPPORT!,NOT SUPPORT!,NOT SUPPORT!
64,2048,768,768,2048,3,3,1,1,0,0,NOT SUPPORT!,NOT SUPPORT!,NOT SUPPORT!,NOT SUPPORT!,NOT SUPPORT!,NOT SUPPORT!,NOT SUPPORT!,NOT SUPPORT!,NOT SUPPORT!
64,2048,896,896,2048,3,3,1,1,0,0,NOT SUPPORT!,NOT SUPPORT!,NOT SUPPORT!,NOT SUPPORT!,NOT SUPPORT!,NOT SUPPORT!,NOT SUPPORT!,NOT SUPPORT!,NOT SUPPORT!
64,2048,1024,1024,2048,3,3,1,1,0,0,NOT SUPPORT!,NOT SUPPORT!,NOT SUPPORT!,NOT SUPPORT!,NOT SUPPORT!,NOT SUPPORT!,NOT SUPPORT!,NOT SUPPORT!,NOT SUPPORT!
64,2048,2048,2048,2048,3,3,1,1,0,0,NOT SUPPORT!,NOT SUPPORT!,NOT SUPPORT!,NOT SUPPORT!,NOT SUPPORT!,NOT SUPPORT!,NOT SUPPORT!,NOT SUPPORT!,NOT SUPPORT!
64,2048,3072,3072,2048,3,3,1,1,0,0,NOT SUPPORT!,NOT SUPPORT!,NOT SUPPORT!,NOT SUPPORT!,NOT SUPPORT!,NOT SUPPORT!,NOT SUPPORT!,NOT SUPPORT!,NOT SUPPORT!
64,4096,1,1,4096,3,3,1,1,0,0,NOT SUPPORT!,NOT SUPPORT!,NOT SUPPORT!,NOT SUPPORT!,NOT SUPPORT!,NOT SUPPORT!,NOT SUPPORT!,NOT SUPPORT!,NOT SUPPORT!
64,4096,2,2,4096,3,3,1,1,0,0,NOT SUPPORT!,NOT SUPPORT!,NOT SUPPORT!,NOT SUPPORT!,NOT SUPPORT!,NOT SUPPORT!,NOT SUPPORT!,NOT SUPPORT!,NOT SUPPORT!
64,4096,4,4,4096,3,3,1,1,0,0,10.789888,8.537542,7.053539,NOT SUPPORT!,NOT SUPPORT!,NOT SUPPORT!,64.748199,10.937117,2
64,4096,7,7,4096,3,3,1,1,0,0,43.794888,37.792194,34.471481,NOT SUPPORT!,NOT SUPPORT!,NOT SUPPORT!,65.436798,19.286699,7
64,4096,8,8,4096,3,3,1,1,0,0,57.086868,52.189529,49.780396,NOT SUPPORT!,NOT SUPPORT!,NOT SUPPORT!,66.114677,19.331301,7
64,4096,15,15,4096,3,3,1,1,0,0,216.767395,190.526810,185.436401,NOT SUPPORT!,NOT SUPPORT!,NOT SUPPORT!,134.766830,68.301483,7
64,4096,16,16,4096,3,3,1,1,0,0,250.316925,220.279922,214.363464,NOT SUPPORT!,NOT SUPPORT!,NOT SUPPORT!,135.567032,68.353134,7
64,4096,24,24,4096,3,3,1,1,0,0,553.307373,529.524780,521.892212,NOT SUPPORT!,NOT SUPPORT!,NOT SUPPORT!,316.143280,149.893356,7
64,4096,32,32,4096,3,3,1,1,0,0,1029.108398,982.271057,966.936829,NOT SUPPORT!,NOT SUPPORT!,NOT SUPPORT!,562.369751,264.818237,7
64,4096,48,48,4096,3,3,1,1,0,0,2410.755615,2339.477783,2431.192383,NOT SUPPORT!,NOT SUPPORT!,NOT SUPPORT!,1223.128906,592.143921,7
64,4096,64,64,4096,3,3,1,1,0,0,4375.632324,4246.812500,NOT SUPPORT!,NOT SUPPORT!,NOT SUPPORT!,NOT SUPPORT!,2178.910400,NOT SUPPORT!,6
64,4096,96,96,4096,3,3,1,1,0,0,NOT SUPPORT!,NOT SUPPORT!,NOT SUPPORT!,NOT SUPPORT!,NOT SUPPORT!,NOT SUPPORT!,NOT SUPPORT!,NOT SUPPORT!,NOT SUPPORT!
64,4096,97,97,4096,3,3,1,1,0,0,NOT SUPPORT!,NOT SUPPORT!,NOT SUPPORT!,NOT SUPPORT!,NOT SUPPORT!,NOT SUPPORT!,NOT SUPPORT!,NOT SUPPORT!,NOT SUPPORT!
64,4096,128,128,4096,3,3,1,1,0,0,NOT SUPPORT!,NOT SUPPORT!,NOT SUPPORT!,NOT SUPPORT!,NOT SUPPORT!,NOT SUPPORT!,NOT SUPPORT!,NOT SUPPORT!,NOT SUPPORT!
64,4096,256,256,4096,3,3,1,1,0,0,NOT SUPPORT!,NOT SUPPORT!,NOT SUPPORT!,NOT SUPPORT!,NOT SUPPORT!,NOT SUPPORT!,NOT SUPPORT!,NOT SUPPORT!,NOT SUPPORT!
64,4096,384,384,4096,3,3,1,1,0,0,NOT SUPPORT!,NOT SUPPORT!,NOT SUPPORT!,NOT SUPPORT!,NOT SUPPORT!,NOT SUPPORT!,NOT SUPPORT!,NOT SUPPORT!,NOT SUPPORT!
64,4096,512,512,4096,3,3,1,1,0,0,NOT SUPPORT!,NOT SUPPORT!,NOT SUPPORT!,NOT SUPPORT!,NOT SUPPORT!,NOT SUPPORT!,NOT SUPPORT!,NOT SUPPORT!,NOT SUPPORT!
64,4096,640,640,4096,3,3,1,1,0,0,NOT SUPPORT!,NOT SUPPORT!,NOT SUPPORT!,NOT SUPPORT!,NOT SUPPORT!,NOT SUPPORT!,NOT SUPPORT!,NOT SUPPORT!,NOT SUPPORT!
64,4096,768,768,4096,3,3,1,1,0,0,NOT SUPPORT!,NOT SUPPORT!,NOT SUPPORT!,NOT SUPPORT!,NOT SUPPORT!,NOT SUPPORT!,NOT SUPPORT!,NOT SUPPORT!,NOT SUPPORT!
64,4096,896,896,4096,3,3,1,1,0,0,NOT SUPPORT!,NOT SUPPORT!,NOT SUPPORT!,NOT SUPPORT!,NOT SUPPORT!,NOT SUPPORT!,NOT SUPPORT!,NOT SUPPORT!,NOT SUPPORT!
64,4096,1024,1024,4096,3,3,1,1,0,0,NOT SUPPORT!,NOT SUPPORT!,NOT SUPPORT!,NOT SUPPORT!,NOT SUPPORT!,NOT SUPPORT!,NOT SUPPORT!,NOT SUPPORT!,NOT SUPPORT!
64,4096,2048,2048,4096,3,3,1,1,0,0,NOT SUPPORT!,NOT SUPPORT!,NOT SUPPORT!,NOT SUPPORT!,NOT SUPPORT!,NOT SUPPORT!,NOT SUPPORT!,NOT SUPPORT!,NOT SUPPORT!
64,4096,3072,3072,4096,3,3,1,1,0,0,NOT SUPPORT!,NOT SUPPORT!,NOT SUPPORT!,NOT SUPPORT!,NOT SUPPORT!,NOT SUPPORT!,NOT SUPPORT!,NOT SUPPORT!,NOT SUPPORT!
